New Hampshire,Hampshire
The Health and Safety Executive,Health and Safety Executive
Universidade Federal do Tocantins,Universidade Federal
Palmas , TO,Palmas
Philips AVENT,Philips
#BTV Ward 8,#BTV Ward
Yume & Co,Yume
Venezuela #SOSVenezuela #OscarsForVenezuela,Venezuela
justinbieber @ scooterbraun @ Ludacris,justinbieber
BoA seonbaenim,BoA
Big Ben,Ben
WWE,WWE App
Eric Plott Eric Plott Patricia Plott E . G . Plott,Eric Plott
Cottonpet road,Cottonpet
ryanbutcher321 @ ijamesmacdonald @ ReganStevely @ GeorgioMartini,ryanbutcher321
Toyota,Toyota Front
Blink Technologies , Inc .,Blink Technologies
Tour De Chesapeake,De Chesapeake
Communication Centre,Centre Clerk
Sprint,Sprint Network
Ms . Gaynes,Gaynes
Las Vegas,Las Vegas Breweries
Julian #Assange.,Julian
T . W . Shannon,Shannon
Austin Mahone #AustinMahone,Austin Mahone
Air Force School Ambala,Air Force School
Jones,Jones New York
NY ),NY
#Pirate n ' Princess Vacations,#Pirate
New Hampshire,Hampshire
The Health and Safety Executive,Health and Safety Executive
Universidade Federal do Tocantins,Universidade Federal
Palmas , TO,Palmas
Philips AVENT,Philips
#BTV Ward 8,#BTV Ward
Yume & Co,Yume
Venezuela #SOSVenezuela #OscarsForVenezuela,Venezuela
justinbieber @ scooterbraun @ Ludacris,justinbieber
BoA seonbaenim,BoA
Big Ben,Ben
WWE,WWE App
Eric Plott Eric Plott Patricia Plott E . G . Plott,Eric Plott
Cottonpet road,Cottonpet
ryanbutcher321 @ ijamesmacdonald @ ReganStevely @ GeorgioMartini,ryanbutcher321
Toyota,Toyota Front
Blink Technologies , Inc .,Blink Technologies
Tour De Chesapeake,De Chesapeake
Communication Centre,Centre Clerk
Sprint,Sprint Network
Ms . Gaynes,Gaynes
Las Vegas,Las Vegas Breweries
Julian #Assange.,Julian
T . W . Shannon,Shannon
Austin Mahone #AustinMahone,Austin Mahone
Air Force School Ambala,Air Force School
Jones,Jones New York
NY ),NY
#Pirate n ' Princess Vacations,#Pirate
New Hampshire,Hampshire
The Health and Safety Executive,Health and Safety Executive
Universidade Federal do Tocantins,Universidade Federal
Palmas , TO,Palmas
bryneven primary school,bryneven
VERIZON WIRELESS,VERIZON
Philips AVENT,Philips
#BTV Ward 8,#BTV Ward
Yume & Co,Yume
Venezuela #SOSVenezuela #OscarsForVenezuela,Venezuela
justinbieber @ scooterbraun @ Ludacris,justinbieber
Big Ben,Ben
Eric Plott Eric Plott Patricia Plott E . G . Plott,Eric Plott Eric Plott Patricia Plott
Elkington ave,Elkington
ryanbutcher321 @ ijamesmacdonald @ ReganStevely @ GeorgioMartini,ryanbutcher321
Detroit radio,Detroit
Blink Technologies , Inc .,Blink Technologies
Tour De Chesapeake,De Chesapeake
NHS,NHS Better Care Fund
Sprint,Sprint Network
Ms . Gaynes,Gaynes
T . W . Shannon,Shannon
Austin Mahone #AustinMahone,Austin Mahone
Air Force School Ambala,Air Force School
Cassese 's,Cassese
NY ),NY
#Pirate n ' Princess Vacations,#Pirate
New Hampshire,Hampshire
The Health and Safety Executive,Health and Safety Executive
Universidade Federal do Tocantins,Universidade Federal
Palmas , TO,Palmas
bryneven primary school,bryneven
VERIZON WIRELESS,VERIZON
Philips AVENT,Philips
#BTV Ward 8,#BTV Ward
Yume & Co,Yume
Venezuela #SOSVenezuela #OscarsForVenezuela,Venezuela
justinbieber @ scooterbraun @ Ludacris,justinbieber
Big Ben,Ben
Eric Plott Eric Plott Patricia Plott E . G . Plott,Eric Plott Eric Plott Patricia Plott
Elkington ave,Elkington
ryanbutcher321 @ ijamesmacdonald @ ReganStevely @ GeorgioMartini,ryanbutcher321
Detroit radio,Detroit
Blink Technologies , Inc .,Blink Technologies
Tour De Chesapeake,De Chesapeake
NHS,NHS Better Care Fund
Sprint,Sprint Network
Ms . Gaynes,Gaynes
T . W . Shannon,Shannon
Austin Mahone #AustinMahone,Austin Mahone
Air Force School Ambala,Air Force School
Cassese 's,Cassese
NY ),NY
#Pirate n ' Princess Vacations,#Pirate
New Hampshire,Hampshire
The Health and Safety Executive,Health and Safety Executive
Universidade Federal do Tocantins,Universidade Federal
Palmas , TO,Palmas
bryneven primary school,bryneven
VERIZON WIRELESS,VERIZON
New Hampshire,Hampshire
The Health and Safety Executive,Health and Safety Executive
Universidade Federal do Tocantins,Universidade Federal
Palmas , TO,Palmas
Philips AVENT,Philips
#BTV Ward 8,#BTV Ward
Yume & Co,Yume
Venezuela #SOSVenezuela #OscarsForVenezuela,Venezuela
justinbieber @ scooterbraun @ Ludacris,justinbieber
BoA seonbaenim,BoA
Big Ben,Ben
WWE,WWE App
Eric Plott Eric Plott Patricia Plott E . G . Plott,Eric Plott
Cottonpet road,Cottonpet
ryanbutcher321 @ ijamesmacdonald @ ReganStevely @ GeorgioMartini,ryanbutcher321
Toyota,Toyota Front
Blink Technologies , Inc .,Blink Technologies
Tour De Chesapeake,De Chesapeake
Communication Centre,Centre Clerk
Sprint,Sprint Network
Ms . Gaynes,Gaynes
Las Vegas,Las Vegas Breweries
Julian #Assange.,Julian
T . W . Shannon,Shannon
Austin Mahone #AustinMahone,Austin Mahone
Air Force School Ambala,Air Force School
Jones,Jones New York
NY ),NY
#Pirate n ' Princess Vacations,#Pirate
New Hampshire,Hampshire
The Health and Safety Executive,Health and Safety Executive
Universidade Federal do Tocantins,Universidade Federal
Palmas , TO,Palmas
Philips AVENT,Philips
#BTV Ward 8,#BTV Ward
Yume & Co,Yume
Venezuela #SOSVenezuela #OscarsForVenezuela,Venezuela
justinbieber @ scooterbraun @ Ludacris,justinbieber
BoA seonbaenim,BoA
Big Ben,Ben
WWE,WWE App
Eric Plott Eric Plott Patricia Plott E . G . Plott,Eric Plott
Cottonpet road,Cottonpet
ryanbutcher321 @ ijamesmacdonald @ ReganStevely @ GeorgioMartini,ryanbutcher321
Toyota,Toyota Front
Blink Technologies , Inc .,Blink Technologies
Tour De Chesapeake,De Chesapeake
Communication Centre,Centre Clerk
Sprint,Sprint Network
Ms . Gaynes,Gaynes
Las Vegas,Las Vegas Breweries
Julian #Assange.,Julian
T . W . Shannon,Shannon
Austin Mahone #AustinMahone,Austin Mahone
Air Force School Ambala,Air Force School
Jones,Jones New York
NY ),NY
#Pirate n ' Princess Vacations,#Pirate
